<?xml version="1.0" encoding="UTF-8"?><idempiere Name="AD_Message" Version="1.0.0" idempiereVersion="7.1.0.qualifier" DataBaseVersion="2019-11-22" Description="" Author="Victor Suarez" AuthorEmail="" CreatedDate="Sat Sep 05 00:35:04 VET 2020" UpdatedDate="Sat Sep 05 00:35:04 VET 2020" PackOutVersion="100" UpdateDictionary="true" Client="0-SYSTEM-System" AD_Client_UU="11237b53-9592-4af1-b3c5-afd216514b5d">
    <AD_Message type="table">
        <AD_Client_ID>0</AD_Client_ID>
        <AD_Org_ID>0</AD_Org_ID>
        <MsgType>M</MsgType>
        <MsgText>Use Payment Date</MsgText>
        <MsgTip/>
        <IsActive>Y</IsActive>
        <Value>VS_UsePaymentDate</Value>
        <EntityType>VS</EntityType>
        <AD_Message_UU>dbb0b37e-7646-4b86-a5fb-17ff87e7dbdb</AD_Message_UU>
        <AD_Message_Trl type="translation">
            <MsgText>Usar Fecha del Pago</MsgText>
            <MsgTip/>
            <AD_Language>es_CO</AD_Language>
            <IsActive>Y</IsActive>
            <IsTranslated>Y</IsTranslated>
        </AD_Message_Trl>
    </AD_Message>
</idempiere>
