<?xml version="1.0" encoding="UTF-8"?><idempiere Name="AD_SysConfig" Version="1.0.0" idempiereVersion="7.1.0.qualifier" DataBaseVersion="2019-11-22" Description="" Author="Victor Suarez" AuthorEmail="" CreatedDate="Mon Sep 07 17:46:33 VET 2020" UpdatedDate="Mon Sep 07 17:46:33 VET 2020" PackOutVersion="100" UpdateDictionary="true" Client="0-SYSTEM-System" AD_Client_UU="11237b53-9592-4af1-b3c5-afd216514b5d">
    <AD_SysConfig type="table">
        <AD_Client_ID>0</AD_Client_ID>
        <AD_Org_ID>0</AD_Org_ID>
        <IsActive>Y</IsActive>
        <Name>VS_DaysDiffPermittedForAllocation</Name>
        <Value>0</Value>
        <Description>Difference days allowed for Allocation / Dias de Diferencia permitidos entre Asignacion y Documentos (en negativo)</Description>
        <EntityType>VS</EntityType>
        <ConfigurationLevel>C</ConfigurationLevel>
        <AD_SysConfig_UU>f62431c4-765e-48d7-89fe-265d4f98f47c</AD_SysConfig_UU>
    </AD_SysConfig>
</idempiere>
