<?xml version="1.0" encoding="UTF-8"?><idempiere Name="AD_SysConfig" Version="1.0.0" idempiereVersion="7.1.0.qualifier" DataBaseVersion="2019-11-22" Description="" Author="Victor Suarez" AuthorEmail="" CreatedDate="Fri Sep 04 23:29:21 VET 2020" UpdatedDate="Fri Sep 04 23:29:21 VET 2020" PackOutVersion="100" UpdateDictionary="true" Client="11-GardenWorld-GardenWorld" AD_Client_UU="3268b9a8-10d8-466d-96e5-aa01166408fa">
    <AD_SysConfig type="table">
        <AD_Org_ID>0</AD_Org_ID>
        <IsActive>Y</IsActive>
        <Name>VS_DaysDiffPermittedForAllocation</Name>
        <Value>-2</Value>
        <Description>Difference days allowed for Allocation / Dias de Diferencia permitidos entre Asignacion y Documentos (en negativo)</Description>
        <EntityType>VS</EntityType>
        <ConfigurationLevel>C</ConfigurationLevel>
        <AD_SysConfig_UU>eae544ad-8422-4afa-b932-71ce3df7ab10</AD_SysConfig_UU>
    </AD_SysConfig>
</idempiere>
