<?xml version="1.0" encoding="UTF-8"?><idempiere Name="AD_Message" Version="1.0.0" idempiereVersion="7.1.0.qualifier" DataBaseVersion="2019-11-22" Description="" Author="Victor Suarez" AuthorEmail="" CreatedDate="Fri Sep 04 23:03:26 VET 2020" UpdatedDate="Fri Sep 04 23:03:26 VET 2020" PackOutVersion="100" UpdateDictionary="true" Client="0-SYSTEM-System" AD_Client_UU="11237b53-9592-4af1-b3c5-afd216514b5d">
    <AD_Message type="table">
        <AD_Client_ID>0</AD_Client_ID>
        <AD_Org_ID>0</AD_Org_ID>
        <MsgType>M</MsgType>
        <MsgText>Wrong allocation Date</MsgText>
        <MsgTip>The date of the assignment must be greater than the date of the documents. Verify "VS_DaysDiffPermittedForAllocation"</MsgTip>
        <IsActive>Y</IsActive>
        <Value>VS_WrongAllocationDate</Value>
        <EntityType>VS</EntityType>
        <AD_Message_UU>ca094d77-4abb-40f5-8724-90f06a7f807f</AD_Message_UU>
        <AD_Message_Trl type="translation">
            <MsgText>Fecha de asignación incorrecta</MsgText>
            <MsgTip>La fecha de la Asignacion debe ser mayor que la fecha de los Documentos. Verificar Configurador "VS_DaysDiffPermittedForAllocation"</MsgTip>
            <AD_Language>es_CO</AD_Language>
            <IsActive>Y</IsActive>
            <IsTranslated>Y</IsTranslated>
        </AD_Message_Trl>
    </AD_Message>
</idempiere>
