<?xml version="1.0" encoding="UTF-8"?><idempiere Name="AD_EntityType" Version="1.0.0" idempiereVersion="7.1.0.qualifier" DataBaseVersion="2019-11-22" Description="" Author="Victor Suarez" AuthorEmail="" CreatedDate="Tue Aug 18 00:50:08 VET 2020" UpdatedDate="Tue Aug 18 00:50:08 VET 2020" PackOutVersion="100" UpdateDictionary="true" Client="0-SYSTEM-System" AD_Client_UU="11237b53-9592-4af1-b3c5-afd216514b5d">
    <AD_EntityType type="table">
        <AD_Client_ID>0</AD_Client_ID>
        <AD_Org_ID>0</AD_Org_ID>
        <EntityType>VS</EntityType>
        <IsActive>Y</IsActive>
        <Name>Ing. Victor Suarez</Name>
        <Description/>
        <Help/>
        <Version>1.0.0</Version>
        <ModelPackage>dev.vsuarez.model</ModelPackage>
        <Classpath/>
        <Processing>N</Processing>
        <AD_EntityType_UU>c4ee30ef-d931-4a77-82de-e818c92d6638</AD_EntityType_UU>
    </AD_EntityType>
</idempiere>
