<?xml version="1.0" encoding="UTF-8"?><idempiere Name="AD_Message" Version="1.0.0" idempiereVersion="7.1.0.qualifier" DataBaseVersion="2019-11-22" Description="" Author="Victor Suarez" AuthorEmail="" CreatedDate="Sat Sep 05 02:05:24 VET 2020" UpdatedDate="Sat Sep 05 02:05:24 VET 2020" PackOutVersion="100" UpdateDictionary="true" Client="0-SYSTEM-System" AD_Client_UU="11237b53-9592-4af1-b3c5-afd216514b5d">
    <AD_Message type="table">
        <AD_Client_ID>0</AD_Client_ID>
        <AD_Org_ID>0</AD_Org_ID>
        <MsgType>E</MsgType>
        <MsgText>Cannot complete allocation</MsgText>
        <MsgTip/>
        <IsActive>Y</IsActive>
        <Value>VS_CannotCompleteAllocation</Value>
        <EntityType>VS</EntityType>
        <AD_Message_UU>a5946833-2c16-4b22-83a7-45d25bea4ed5</AD_Message_UU>
        <AD_Message_Trl type="translation">
            <MsgText>No se puede completar Asignación</MsgText>
            <MsgTip/>
            <AD_Language>es_VE</AD_Language>
            <IsActive>Y</IsActive>
            <IsTranslated>Y</IsTranslated>
        </AD_Message_Trl>
    </AD_Message>
</idempiere>
