<?xml version="1.0" encoding="UTF-8"?><idempiere Name="AD_EntityType" Version="1.0.0" idempiereVersion="7.1.0.qualifier" DataBaseVersion="2019-11-22" Description="" Author="Victor Suarez" AuthorEmail="" CreatedDate="Thu Sep 03 20:53:13 VET 2020" UpdatedDate="Thu Sep 03 20:53:13 VET 2020" PackOutVersion="100" UpdateDictionary="true" Client="0-SYSTEM-System" AD_Client_UU="11237b53-9592-4af1-b3c5-afd216514b5d">
    <AD_EntityType type="table">
        <AD_Client_ID>0</AD_Client_ID>
        <AD_Org_ID>0</AD_Org_ID>
        <EntityType>FTU</EntityType>
        <IsActive>Y</IsActive>
        <Name>Frontuari</Name>
        <Description/>
        <Help/>
        <Version>1.0.0</Version>
        <ModelPackage>net.frontuari.model</ModelPackage>
        <Classpath/>
        <Processing>N</Processing>
        <AD_EntityType_UU>14374a3f-c6eb-4ecf-9286-d5ca3622444f</AD_EntityType_UU>
    </AD_EntityType>
</idempiere>
